{
    "1": 38.658400000000015,
    "2": 44.159200000000006,
    "3": 43.427200000000056
}