{
    "1": 2.7428571428571424,
    "2": 2.7904761904761903,
    "3": 2.7428571428571424
}