{
    "1": 11.593599999999997,
    "2": 10.804799999999998,
    "3": 11.129599999999995
}