{
    "1": 2.6655999999999995,
    "2": 2.6567999999999996,
    "3": 2.6832
}