{
    "0.0001": 1.4110000000000023,
    "0.0005": 1.5570000000000015,
    "0.001": 1.854000000000002
}