{
    "0.0001": 1.4160000000000021,
    "0.0005": 1.5600000000000016,
    "0.001": 1.6589999999999998
}