{
    "0.0001": 1.4170000000000023,
    "0.0005": 1.7340000000000009,
    "0.001": 2.7140000000000013
}